image_fn,label_fn
./dataset/Shanghai-center-train/image_tiles\changning_0_0.tif,./dataset/Shanghai-center-train/label_tiles\label_changning_0_0.tif
./dataset/Shanghai-center-train/image_tiles\changning_0_6000.tif,./dataset/Shanghai-center-train/label_tiles\label_changning_0_6000.tif
./dataset/Shanghai-center-train/image_tiles\changning_12000_0.tif,./dataset/Shanghai-center-train/label_tiles\label_changning_12000_0.tif
./dataset/Shanghai-center-train/image_tiles\changning_12000_12000.tif,./dataset/Shanghai-center-train/label_tiles\label_changning_12000_12000.tif
./dataset/Shanghai-center-train/image_tiles\changning_12000_18000.tif,./dataset/Shanghai-center-train/label_tiles\label_changning_12000_18000.tif
./dataset/Shanghai-center-train/image_tiles\changning_12000_24000.tif,./dataset/Shanghai-center-train/label_tiles\label_changning_12000_24000.tif
./dataset/Shanghai-center-train/image_tiles\changning_12000_30000.tif,./dataset/Shanghai-center-train/label_tiles\label_changning_12000_30000.tif
./dataset/Shanghai-center-train/image_tiles\changning_12000_33830.tif,./dataset/Shanghai-center-train/label_tiles\label_changning_12000_33830.tif
./dataset/Shanghai-center-train/image_tiles\changning_12000_6000.tif,./dataset/Shanghai-center-train/label_tiles\label_changning_12000_6000.tif
./dataset/Shanghai-center-train/image_tiles\changning_18000_0.tif,./dataset/Shanghai-center-train/label_tiles\label_changning_18000_0.tif
./dataset/Shanghai-center-train/image_tiles\changning_18000_12000.tif,./dataset/Shanghai-center-train/label_tiles\label_changning_18000_12000.tif
./dataset/Shanghai-center-train/image_tiles\changning_18000_18000.tif,./dataset/Shanghai-center-train/label_tiles\label_changning_18000_18000.tif
./dataset/Shanghai-center-train/image_tiles\changning_18000_24000.tif,./dataset/Shanghai-center-train/label_tiles\label_changning_18000_24000.tif
./dataset/Shanghai-center-train/image_tiles\changning_18000_30000.tif,./dataset/Shanghai-center-train/label_tiles\label_changning_18000_30000.tif
./dataset/Shanghai-center-train/image_tiles\changning_18000_33830.tif,./dataset/Shanghai-center-train/label_tiles\label_changning_18000_33830.tif
./dataset/Shanghai-center-train/image_tiles\changning_18000_6000.tif,./dataset/Shanghai-center-train/label_tiles\label_changning_18000_6000.tif
./dataset/Shanghai-center-train/image_tiles\changning_21679_0.tif,./dataset/Shanghai-center-train/label_tiles\label_changning_21679_0.tif
./dataset/Shanghai-center-train/image_tiles\changning_21679_12000.tif,./dataset/Shanghai-center-train/label_tiles\label_changning_21679_12000.tif
./dataset/Shanghai-center-train/image_tiles\changning_21679_18000.tif,./dataset/Shanghai-center-train/label_tiles\label_changning_21679_18000.tif
./dataset/Shanghai-center-train/image_tiles\changning_21679_24000.tif,./dataset/Shanghai-center-train/label_tiles\label_changning_21679_24000.tif
./dataset/Shanghai-center-train/image_tiles\changning_21679_30000.tif,./dataset/Shanghai-center-train/label_tiles\label_changning_21679_30000.tif
./dataset/Shanghai-center-train/image_tiles\changning_21679_33830.tif,./dataset/Shanghai-center-train/label_tiles\label_changning_21679_33830.tif
./dataset/Shanghai-center-train/image_tiles\changning_21679_6000.tif,./dataset/Shanghai-center-train/label_tiles\label_changning_21679_6000.tif
./dataset/Shanghai-center-train/image_tiles\changning_6000_0.tif,./dataset/Shanghai-center-train/label_tiles\label_changning_6000_0.tif
./dataset/Shanghai-center-train/image_tiles\changning_6000_12000.tif,./dataset/Shanghai-center-train/label_tiles\label_changning_6000_12000.tif
./dataset/Shanghai-center-train/image_tiles\changning_6000_18000.tif,./dataset/Shanghai-center-train/label_tiles\label_changning_6000_18000.tif
./dataset/Shanghai-center-train/image_tiles\changning_6000_24000.tif,./dataset/Shanghai-center-train/label_tiles\label_changning_6000_24000.tif
./dataset/Shanghai-center-train/image_tiles\changning_6000_30000.tif,./dataset/Shanghai-center-train/label_tiles\label_changning_6000_30000.tif
./dataset/Shanghai-center-train/image_tiles\changning_6000_33830.tif,./dataset/Shanghai-center-train/label_tiles\label_changning_6000_33830.tif
./dataset/Shanghai-center-train/image_tiles\changning_6000_6000.tif,./dataset/Shanghai-center-train/label_tiles\label_changning_6000_6000.tif
./dataset/Shanghai-center-train/image_tiles\hongkou_0_0.tif,./dataset/Shanghai-center-train/label_tiles\label_hongkou_0_0.tif
./dataset/Shanghai-center-train/image_tiles\hongkou_0_6000.tif,./dataset/Shanghai-center-train/label_tiles\label_hongkou_0_6000.tif
./dataset/Shanghai-center-train/image_tiles\hongkou_12000_0.tif,./dataset/Shanghai-center-train/label_tiles\label_hongkou_12000_0.tif
./dataset/Shanghai-center-train/image_tiles\hongkou_12000_12000.tif,./dataset/Shanghai-center-train/label_tiles\label_hongkou_12000_12000.tif
./dataset/Shanghai-center-train/image_tiles\hongkou_12000_6000.tif,./dataset/Shanghai-center-train/label_tiles\label_hongkou_12000_6000.tif
./dataset/Shanghai-center-train/image_tiles\hongkou_18000_0.tif,./dataset/Shanghai-center-train/label_tiles\label_hongkou_18000_0.tif
./dataset/Shanghai-center-train/image_tiles\hongkou_18000_12000.tif,./dataset/Shanghai-center-train/label_tiles\label_hongkou_18000_12000.tif
./dataset/Shanghai-center-train/image_tiles\hongkou_18000_15114.tif,./dataset/Shanghai-center-train/label_tiles\label_hongkou_18000_15114.tif
./dataset/Shanghai-center-train/image_tiles\hongkou_18000_6000.tif,./dataset/Shanghai-center-train/label_tiles\label_hongkou_18000_6000.tif
./dataset/Shanghai-center-train/image_tiles\hongkou_24000_12000.tif,./dataset/Shanghai-center-train/label_tiles\label_hongkou_24000_12000.tif
./dataset/Shanghai-center-train/image_tiles\hongkou_24000_15114.tif,./dataset/Shanghai-center-train/label_tiles\label_hongkou_24000_15114.tif
./dataset/Shanghai-center-train/image_tiles\hongkou_24000_6000.tif,./dataset/Shanghai-center-train/label_tiles\label_hongkou_24000_6000.tif
./dataset/Shanghai-center-train/image_tiles\hongkou_26139_12000.tif,./dataset/Shanghai-center-train/label_tiles\label_hongkou_26139_12000.tif
./dataset/Shanghai-center-train/image_tiles\hongkou_26139_15114.tif,./dataset/Shanghai-center-train/label_tiles\label_hongkou_26139_15114.tif
./dataset/Shanghai-center-train/image_tiles\hongkou_26139_6000.tif,./dataset/Shanghai-center-train/label_tiles\label_hongkou_26139_6000.tif
./dataset/Shanghai-center-train/image_tiles\hongkou_6000_0.tif,./dataset/Shanghai-center-train/label_tiles\label_hongkou_6000_0.tif
./dataset/Shanghai-center-train/image_tiles\hongkou_6000_12000.tif,./dataset/Shanghai-center-train/label_tiles\label_hongkou_6000_12000.tif
./dataset/Shanghai-center-train/image_tiles\hongkou_6000_6000.tif,./dataset/Shanghai-center-train/label_tiles\label_hongkou_6000_6000.tif
./dataset/Shanghai-center-train/image_tiles\huangpu_0_0.tif,./dataset/Shanghai-center-train/label_tiles\label_huangpu_0_0.tif
./dataset/Shanghai-center-train/image_tiles\huangpu_0_12000.tif,./dataset/Shanghai-center-train/label_tiles\label_huangpu_0_12000.tif
./dataset/Shanghai-center-train/image_tiles\huangpu_0_13799.tif,./dataset/Shanghai-center-train/label_tiles\label_huangpu_0_13799.tif
./dataset/Shanghai-center-train/image_tiles\huangpu_0_6000.tif,./dataset/Shanghai-center-train/label_tiles\label_huangpu_0_6000.tif
./dataset/Shanghai-center-train/image_tiles\huangpu_12000_0.tif,./dataset/Shanghai-center-train/label_tiles\label_huangpu_12000_0.tif
./dataset/Shanghai-center-train/image_tiles\huangpu_12000_12000.tif,./dataset/Shanghai-center-train/label_tiles\label_huangpu_12000_12000.tif
./dataset/Shanghai-center-train/image_tiles\huangpu_12000_13799.tif,./dataset/Shanghai-center-train/label_tiles\label_huangpu_12000_13799.tif
./dataset/Shanghai-center-train/image_tiles\huangpu_12000_6000.tif,./dataset/Shanghai-center-train/label_tiles\label_huangpu_12000_6000.tif
./dataset/Shanghai-center-train/image_tiles\huangpu_17597_0.tif,./dataset/Shanghai-center-train/label_tiles\label_huangpu_17597_0.tif
./dataset/Shanghai-center-train/image_tiles\huangpu_17597_12000.tif,./dataset/Shanghai-center-train/label_tiles\label_huangpu_17597_12000.tif
./dataset/Shanghai-center-train/image_tiles\huangpu_17597_13799.tif,./dataset/Shanghai-center-train/label_tiles\label_huangpu_17597_13799.tif
./dataset/Shanghai-center-train/image_tiles\huangpu_17597_6000.tif,./dataset/Shanghai-center-train/label_tiles\label_huangpu_17597_6000.tif
./dataset/Shanghai-center-train/image_tiles\huangpu_6000_0.tif,./dataset/Shanghai-center-train/label_tiles\label_huangpu_6000_0.tif
./dataset/Shanghai-center-train/image_tiles\huangpu_6000_12000.tif,./dataset/Shanghai-center-train/label_tiles\label_huangpu_6000_12000.tif
./dataset/Shanghai-center-train/image_tiles\huangpu_6000_13799.tif,./dataset/Shanghai-center-train/label_tiles\label_huangpu_6000_13799.tif
./dataset/Shanghai-center-train/image_tiles\huangpu_6000_6000.tif,./dataset/Shanghai-center-train/label_tiles\label_huangpu_6000_6000.tif
./dataset/Shanghai-center-train/image_tiles\jingan_0_0.tif,./dataset/Shanghai-center-train/label_tiles\label_jingan_0_0.tif
./dataset/Shanghai-center-train/image_tiles\jingan_0_12000.tif,./dataset/Shanghai-center-train/label_tiles\label_jingan_0_12000.tif
./dataset/Shanghai-center-train/image_tiles\jingan_0_16069.tif,./dataset/Shanghai-center-train/label_tiles\label_jingan_0_16069.tif
./dataset/Shanghai-center-train/image_tiles\jingan_0_6000.tif,./dataset/Shanghai-center-train/label_tiles\label_jingan_0_6000.tif
./dataset/Shanghai-center-train/image_tiles\jingan_12000_0.tif,./dataset/Shanghai-center-train/label_tiles\label_jingan_12000_0.tif
./dataset/Shanghai-center-train/image_tiles\jingan_12000_12000.tif,./dataset/Shanghai-center-train/label_tiles\label_jingan_12000_12000.tif
./dataset/Shanghai-center-train/image_tiles\jingan_12000_6000.tif,./dataset/Shanghai-center-train/label_tiles\label_jingan_12000_6000.tif
./dataset/Shanghai-center-train/image_tiles\jingan_18000_0.tif,./dataset/Shanghai-center-train/label_tiles\label_jingan_18000_0.tif
./dataset/Shanghai-center-train/image_tiles\jingan_18000_12000.tif,./dataset/Shanghai-center-train/label_tiles\label_jingan_18000_12000.tif
./dataset/Shanghai-center-train/image_tiles\jingan_18000_16069.tif,./dataset/Shanghai-center-train/label_tiles\label_jingan_18000_16069.tif
./dataset/Shanghai-center-train/image_tiles\jingan_18000_6000.tif,./dataset/Shanghai-center-train/label_tiles\label_jingan_18000_6000.tif
./dataset/Shanghai-center-train/image_tiles\jingan_24000_12000.tif,./dataset/Shanghai-center-train/label_tiles\label_jingan_24000_12000.tif
./dataset/Shanghai-center-train/image_tiles\jingan_24000_16069.tif,./dataset/Shanghai-center-train/label_tiles\label_jingan_24000_16069.tif
./dataset/Shanghai-center-train/image_tiles\jingan_24000_6000.tif,./dataset/Shanghai-center-train/label_tiles\label_jingan_24000_6000.tif
./dataset/Shanghai-center-train/image_tiles\jingan_30000_0.tif,./dataset/Shanghai-center-train/label_tiles\label_jingan_30000_0.tif
./dataset/Shanghai-center-train/image_tiles\jingan_30000_12000.tif,./dataset/Shanghai-center-train/label_tiles\label_jingan_30000_12000.tif
./dataset/Shanghai-center-train/image_tiles\jingan_30000_16069.tif,./dataset/Shanghai-center-train/label_tiles\label_jingan_30000_16069.tif
./dataset/Shanghai-center-train/image_tiles\jingan_30000_6000.tif,./dataset/Shanghai-center-train/label_tiles\label_jingan_30000_6000.tif
./dataset/Shanghai-center-train/image_tiles\jingan_36000_0.tif,./dataset/Shanghai-center-train/label_tiles\label_jingan_36000_0.tif
./dataset/Shanghai-center-train/image_tiles\jingan_36000_12000.tif,./dataset/Shanghai-center-train/label_tiles\label_jingan_36000_12000.tif
./dataset/Shanghai-center-train/image_tiles\jingan_36000_16069.tif,./dataset/Shanghai-center-train/label_tiles\label_jingan_36000_16069.tif
./dataset/Shanghai-center-train/image_tiles\jingan_36000_6000.tif,./dataset/Shanghai-center-train/label_tiles\label_jingan_36000_6000.tif
./dataset/Shanghai-center-train/image_tiles\jingan_40488_0.tif,./dataset/Shanghai-center-train/label_tiles\label_jingan_40488_0.tif
./dataset/Shanghai-center-train/image_tiles\jingan_40488_12000.tif,./dataset/Shanghai-center-train/label_tiles\label_jingan_40488_12000.tif
./dataset/Shanghai-center-train/image_tiles\jingan_40488_16069.tif,./dataset/Shanghai-center-train/label_tiles\label_jingan_40488_16069.tif
./dataset/Shanghai-center-train/image_tiles\jingan_40488_6000.tif,./dataset/Shanghai-center-train/label_tiles\label_jingan_40488_6000.tif
./dataset/Shanghai-center-train/image_tiles\jingan_6000_0.tif,./dataset/Shanghai-center-train/label_tiles\label_jingan_6000_0.tif
./dataset/Shanghai-center-train/image_tiles\jingan_6000_12000.tif,./dataset/Shanghai-center-train/label_tiles\label_jingan_6000_12000.tif
./dataset/Shanghai-center-train/image_tiles\jingan_6000_6000.tif,./dataset/Shanghai-center-train/label_tiles\label_jingan_6000_6000.tif
./dataset/Shanghai-center-train/image_tiles\putuo_0_0.tif,./dataset/Shanghai-center-train/label_tiles\label_putuo_0_0.tif
./dataset/Shanghai-center-train/image_tiles\putuo_0_12000.tif,./dataset/Shanghai-center-train/label_tiles\label_putuo_0_12000.tif
./dataset/Shanghai-center-train/image_tiles\putuo_0_18000.tif,./dataset/Shanghai-center-train/label_tiles\label_putuo_0_18000.tif
./dataset/Shanghai-center-train/image_tiles\putuo_0_24000.tif,./dataset/Shanghai-center-train/label_tiles\label_putuo_0_24000.tif
./dataset/Shanghai-center-train/image_tiles\putuo_0_6000.tif,./dataset/Shanghai-center-train/label_tiles\label_putuo_0_6000.tif
./dataset/Shanghai-center-train/image_tiles\putuo_12000_0.tif,./dataset/Shanghai-center-train/label_tiles\label_putuo_12000_0.tif
./dataset/Shanghai-center-train/image_tiles\putuo_12000_12000.tif,./dataset/Shanghai-center-train/label_tiles\label_putuo_12000_12000.tif
./dataset/Shanghai-center-train/image_tiles\putuo_12000_18000.tif,./dataset/Shanghai-center-train/label_tiles\label_putuo_12000_18000.tif
./dataset/Shanghai-center-train/image_tiles\putuo_12000_24000.tif,./dataset/Shanghai-center-train/label_tiles\label_putuo_12000_24000.tif
./dataset/Shanghai-center-train/image_tiles\putuo_12000_30000.tif,./dataset/Shanghai-center-train/label_tiles\label_putuo_12000_30000.tif
./dataset/Shanghai-center-train/image_tiles\putuo_12000_36000.tif,./dataset/Shanghai-center-train/label_tiles\label_putuo_12000_36000.tif
./dataset/Shanghai-center-train/image_tiles\putuo_12000_40529.tif,./dataset/Shanghai-center-train/label_tiles\label_putuo_12000_40529.tif
./dataset/Shanghai-center-train/image_tiles\putuo_12000_6000.tif,./dataset/Shanghai-center-train/label_tiles\label_putuo_12000_6000.tif
./dataset/Shanghai-center-train/image_tiles\putuo_18000_12000.tif,./dataset/Shanghai-center-train/label_tiles\label_putuo_18000_12000.tif
./dataset/Shanghai-center-train/image_tiles\putuo_18000_18000.tif,./dataset/Shanghai-center-train/label_tiles\label_putuo_18000_18000.tif
./dataset/Shanghai-center-train/image_tiles\putuo_18000_24000.tif,./dataset/Shanghai-center-train/label_tiles\label_putuo_18000_24000.tif
./dataset/Shanghai-center-train/image_tiles\putuo_18000_30000.tif,./dataset/Shanghai-center-train/label_tiles\label_putuo_18000_30000.tif
./dataset/Shanghai-center-train/image_tiles\putuo_18000_36000.tif,./dataset/Shanghai-center-train/label_tiles\label_putuo_18000_36000.tif
./dataset/Shanghai-center-train/image_tiles\putuo_18000_40529.tif,./dataset/Shanghai-center-train/label_tiles\label_putuo_18000_40529.tif
./dataset/Shanghai-center-train/image_tiles\putuo_24000_12000.tif,./dataset/Shanghai-center-train/label_tiles\label_putuo_24000_12000.tif
./dataset/Shanghai-center-train/image_tiles\putuo_24000_18000.tif,./dataset/Shanghai-center-train/label_tiles\label_putuo_24000_18000.tif
./dataset/Shanghai-center-train/image_tiles\putuo_24000_24000.tif,./dataset/Shanghai-center-train/label_tiles\label_putuo_24000_24000.tif
./dataset/Shanghai-center-train/image_tiles\putuo_24000_30000.tif,./dataset/Shanghai-center-train/label_tiles\label_putuo_24000_30000.tif
./dataset/Shanghai-center-train/image_tiles\putuo_24000_36000.tif,./dataset/Shanghai-center-train/label_tiles\label_putuo_24000_36000.tif
./dataset/Shanghai-center-train/image_tiles\putuo_24000_40529.tif,./dataset/Shanghai-center-train/label_tiles\label_putuo_24000_40529.tif
./dataset/Shanghai-center-train/image_tiles\putuo_24000_6000.tif,./dataset/Shanghai-center-train/label_tiles\label_putuo_24000_6000.tif
./dataset/Shanghai-center-train/image_tiles\putuo_30000_12000.tif,./dataset/Shanghai-center-train/label_tiles\label_putuo_30000_12000.tif
./dataset/Shanghai-center-train/image_tiles\putuo_30000_18000.tif,./dataset/Shanghai-center-train/label_tiles\label_putuo_30000_18000.tif
./dataset/Shanghai-center-train/image_tiles\putuo_30000_24000.tif,./dataset/Shanghai-center-train/label_tiles\label_putuo_30000_24000.tif
./dataset/Shanghai-center-train/image_tiles\putuo_30000_30000.tif,./dataset/Shanghai-center-train/label_tiles\label_putuo_30000_30000.tif
./dataset/Shanghai-center-train/image_tiles\putuo_30000_36000.tif,./dataset/Shanghai-center-train/label_tiles\label_putuo_30000_36000.tif
./dataset/Shanghai-center-train/image_tiles\putuo_30000_6000.tif,./dataset/Shanghai-center-train/label_tiles\label_putuo_30000_6000.tif
./dataset/Shanghai-center-train/image_tiles\putuo_30562_12000.tif,./dataset/Shanghai-center-train/label_tiles\label_putuo_30562_12000.tif
./dataset/Shanghai-center-train/image_tiles\putuo_30562_18000.tif,./dataset/Shanghai-center-train/label_tiles\label_putuo_30562_18000.tif
./dataset/Shanghai-center-train/image_tiles\putuo_30562_24000.tif,./dataset/Shanghai-center-train/label_tiles\label_putuo_30562_24000.tif
./dataset/Shanghai-center-train/image_tiles\putuo_30562_30000.tif,./dataset/Shanghai-center-train/label_tiles\label_putuo_30562_30000.tif
./dataset/Shanghai-center-train/image_tiles\putuo_30562_36000.tif,./dataset/Shanghai-center-train/label_tiles\label_putuo_30562_36000.tif
./dataset/Shanghai-center-train/image_tiles\putuo_30562_6000.tif,./dataset/Shanghai-center-train/label_tiles\label_putuo_30562_6000.tif
./dataset/Shanghai-center-train/image_tiles\putuo_6000_0.tif,./dataset/Shanghai-center-train/label_tiles\label_putuo_6000_0.tif
./dataset/Shanghai-center-train/image_tiles\putuo_6000_12000.tif,./dataset/Shanghai-center-train/label_tiles\label_putuo_6000_12000.tif
./dataset/Shanghai-center-train/image_tiles\putuo_6000_18000.tif,./dataset/Shanghai-center-train/label_tiles\label_putuo_6000_18000.tif
./dataset/Shanghai-center-train/image_tiles\putuo_6000_24000.tif,./dataset/Shanghai-center-train/label_tiles\label_putuo_6000_24000.tif
./dataset/Shanghai-center-train/image_tiles\putuo_6000_6000.tif,./dataset/Shanghai-center-train/label_tiles\label_putuo_6000_6000.tif
./dataset/Shanghai-center-train/image_tiles\xuhui_0_12000.tif,./dataset/Shanghai-center-train/label_tiles\label_xuhui_0_12000.tif
./dataset/Shanghai-center-train/image_tiles\xuhui_0_18000.tif,./dataset/Shanghai-center-train/label_tiles\label_xuhui_0_18000.tif
./dataset/Shanghai-center-train/image_tiles\xuhui_0_24000.tif,./dataset/Shanghai-center-train/label_tiles\label_xuhui_0_24000.tif
./dataset/Shanghai-center-train/image_tiles\xuhui_0_25170.tif,./dataset/Shanghai-center-train/label_tiles\label_xuhui_0_25170.tif
./dataset/Shanghai-center-train/image_tiles\xuhui_12000_0.tif,./dataset/Shanghai-center-train/label_tiles\label_xuhui_12000_0.tif
./dataset/Shanghai-center-train/image_tiles\xuhui_12000_12000.tif,./dataset/Shanghai-center-train/label_tiles\label_xuhui_12000_12000.tif
./dataset/Shanghai-center-train/image_tiles\xuhui_12000_18000.tif,./dataset/Shanghai-center-train/label_tiles\label_xuhui_12000_18000.tif
./dataset/Shanghai-center-train/image_tiles\xuhui_12000_24000.tif,./dataset/Shanghai-center-train/label_tiles\label_xuhui_12000_24000.tif
./dataset/Shanghai-center-train/image_tiles\xuhui_12000_25170.tif,./dataset/Shanghai-center-train/label_tiles\label_xuhui_12000_25170.tif
./dataset/Shanghai-center-train/image_tiles\xuhui_12000_6000.tif,./dataset/Shanghai-center-train/label_tiles\label_xuhui_12000_6000.tif
./dataset/Shanghai-center-train/image_tiles\xuhui_18000_0.tif,./dataset/Shanghai-center-train/label_tiles\label_xuhui_18000_0.tif
./dataset/Shanghai-center-train/image_tiles\xuhui_18000_12000.tif,./dataset/Shanghai-center-train/label_tiles\label_xuhui_18000_12000.tif
./dataset/Shanghai-center-train/image_tiles\xuhui_18000_18000.tif,./dataset/Shanghai-center-train/label_tiles\label_xuhui_18000_18000.tif
./dataset/Shanghai-center-train/image_tiles\xuhui_18000_24000.tif,./dataset/Shanghai-center-train/label_tiles\label_xuhui_18000_24000.tif
./dataset/Shanghai-center-train/image_tiles\xuhui_18000_25170.tif,./dataset/Shanghai-center-train/label_tiles\label_xuhui_18000_25170.tif
./dataset/Shanghai-center-train/image_tiles\xuhui_18000_6000.tif,./dataset/Shanghai-center-train/label_tiles\label_xuhui_18000_6000.tif
./dataset/Shanghai-center-train/image_tiles\xuhui_24000_0.tif,./dataset/Shanghai-center-train/label_tiles\label_xuhui_24000_0.tif
./dataset/Shanghai-center-train/image_tiles\xuhui_24000_12000.tif,./dataset/Shanghai-center-train/label_tiles\label_xuhui_24000_12000.tif
./dataset/Shanghai-center-train/image_tiles\xuhui_24000_18000.tif,./dataset/Shanghai-center-train/label_tiles\label_xuhui_24000_18000.tif
./dataset/Shanghai-center-train/image_tiles\xuhui_24000_24000.tif,./dataset/Shanghai-center-train/label_tiles\label_xuhui_24000_24000.tif
./dataset/Shanghai-center-train/image_tiles\xuhui_24000_25170.tif,./dataset/Shanghai-center-train/label_tiles\label_xuhui_24000_25170.tif
./dataset/Shanghai-center-train/image_tiles\xuhui_24000_6000.tif,./dataset/Shanghai-center-train/label_tiles\label_xuhui_24000_6000.tif
./dataset/Shanghai-center-train/image_tiles\xuhui_30000_12000.tif,./dataset/Shanghai-center-train/label_tiles\label_xuhui_30000_12000.tif
./dataset/Shanghai-center-train/image_tiles\xuhui_30000_18000.tif,./dataset/Shanghai-center-train/label_tiles\label_xuhui_30000_18000.tif
./dataset/Shanghai-center-train/image_tiles\xuhui_30000_24000.tif,./dataset/Shanghai-center-train/label_tiles\label_xuhui_30000_24000.tif
./dataset/Shanghai-center-train/image_tiles\xuhui_30000_25170.tif,./dataset/Shanghai-center-train/label_tiles\label_xuhui_30000_25170.tif
./dataset/Shanghai-center-train/image_tiles\xuhui_30000_6000.tif,./dataset/Shanghai-center-train/label_tiles\label_xuhui_30000_6000.tif
./dataset/Shanghai-center-train/image_tiles\xuhui_36000_12000.tif,./dataset/Shanghai-center-train/label_tiles\label_xuhui_36000_12000.tif
./dataset/Shanghai-center-train/image_tiles\xuhui_36000_18000.tif,./dataset/Shanghai-center-train/label_tiles\label_xuhui_36000_18000.tif
./dataset/Shanghai-center-train/image_tiles\xuhui_36000_24000.tif,./dataset/Shanghai-center-train/label_tiles\label_xuhui_36000_24000.tif
./dataset/Shanghai-center-train/image_tiles\xuhui_36000_25170.tif,./dataset/Shanghai-center-train/label_tiles\label_xuhui_36000_25170.tif
./dataset/Shanghai-center-train/image_tiles\xuhui_36000_6000.tif,./dataset/Shanghai-center-train/label_tiles\label_xuhui_36000_6000.tif
./dataset/Shanghai-center-train/image_tiles\xuhui_42000_18000.tif,./dataset/Shanghai-center-train/label_tiles\label_xuhui_42000_18000.tif
./dataset/Shanghai-center-train/image_tiles\xuhui_42000_24000.tif,./dataset/Shanghai-center-train/label_tiles\label_xuhui_42000_24000.tif
./dataset/Shanghai-center-train/image_tiles\xuhui_42000_25170.tif,./dataset/Shanghai-center-train/label_tiles\label_xuhui_42000_25170.tif
./dataset/Shanghai-center-train/image_tiles\xuhui_45578_18000.tif,./dataset/Shanghai-center-train/label_tiles\label_xuhui_45578_18000.tif
./dataset/Shanghai-center-train/image_tiles\xuhui_45578_24000.tif,./dataset/Shanghai-center-train/label_tiles\label_xuhui_45578_24000.tif
./dataset/Shanghai-center-train/image_tiles\xuhui_45578_25170.tif,./dataset/Shanghai-center-train/label_tiles\label_xuhui_45578_25170.tif
./dataset/Shanghai-center-train/image_tiles\xuhui_6000_12000.tif,./dataset/Shanghai-center-train/label_tiles\label_xuhui_6000_12000.tif
./dataset/Shanghai-center-train/image_tiles\xuhui_6000_18000.tif,./dataset/Shanghai-center-train/label_tiles\label_xuhui_6000_18000.tif
./dataset/Shanghai-center-train/image_tiles\xuhui_6000_24000.tif,./dataset/Shanghai-center-train/label_tiles\label_xuhui_6000_24000.tif
./dataset/Shanghai-center-train/image_tiles\xuhui_6000_25170.tif,./dataset/Shanghai-center-train/label_tiles\label_xuhui_6000_25170.tif
./dataset/Shanghai-center-train/image_tiles\xuhui_6000_6000.tif,./dataset/Shanghai-center-train/label_tiles\label_xuhui_6000_6000.tif
./dataset/Shanghai-center-train/image_tiles\yangpu_0_0.tif,./dataset/Shanghai-center-train/label_tiles\label_yangpu_0_0.tif
./dataset/Shanghai-center-train/image_tiles\yangpu_0_12000.tif,./dataset/Shanghai-center-train/label_tiles\label_yangpu_0_12000.tif
./dataset/Shanghai-center-train/image_tiles\yangpu_0_18000.tif,./dataset/Shanghai-center-train/label_tiles\label_yangpu_0_18000.tif
./dataset/Shanghai-center-train/image_tiles\yangpu_0_24000.tif,./dataset/Shanghai-center-train/label_tiles\label_yangpu_0_24000.tif
./dataset/Shanghai-center-train/image_tiles\yangpu_0_25215.tif,./dataset/Shanghai-center-train/label_tiles\label_yangpu_0_25215.tif
./dataset/Shanghai-center-train/image_tiles\yangpu_0_6000.tif,./dataset/Shanghai-center-train/label_tiles\label_yangpu_0_6000.tif
./dataset/Shanghai-center-train/image_tiles\yangpu_12000_0.tif,./dataset/Shanghai-center-train/label_tiles\label_yangpu_12000_0.tif
./dataset/Shanghai-center-train/image_tiles\yangpu_12000_12000.tif,./dataset/Shanghai-center-train/label_tiles\label_yangpu_12000_12000.tif
./dataset/Shanghai-center-train/image_tiles\yangpu_12000_18000.tif,./dataset/Shanghai-center-train/label_tiles\label_yangpu_12000_18000.tif
./dataset/Shanghai-center-train/image_tiles\yangpu_12000_24000.tif,./dataset/Shanghai-center-train/label_tiles\label_yangpu_12000_24000.tif
./dataset/Shanghai-center-train/image_tiles\yangpu_12000_25215.tif,./dataset/Shanghai-center-train/label_tiles\label_yangpu_12000_25215.tif
./dataset/Shanghai-center-train/image_tiles\yangpu_12000_6000.tif,./dataset/Shanghai-center-train/label_tiles\label_yangpu_12000_6000.tif
./dataset/Shanghai-center-train/image_tiles\yangpu_18000_0.tif,./dataset/Shanghai-center-train/label_tiles\label_yangpu_18000_0.tif
./dataset/Shanghai-center-train/image_tiles\yangpu_18000_12000.tif,./dataset/Shanghai-center-train/label_tiles\label_yangpu_18000_12000.tif
./dataset/Shanghai-center-train/image_tiles\yangpu_18000_18000.tif,./dataset/Shanghai-center-train/label_tiles\label_yangpu_18000_18000.tif
./dataset/Shanghai-center-train/image_tiles\yangpu_18000_24000.tif,./dataset/Shanghai-center-train/label_tiles\label_yangpu_18000_24000.tif
./dataset/Shanghai-center-train/image_tiles\yangpu_18000_25215.tif,./dataset/Shanghai-center-train/label_tiles\label_yangpu_18000_25215.tif
./dataset/Shanghai-center-train/image_tiles\yangpu_18000_6000.tif,./dataset/Shanghai-center-train/label_tiles\label_yangpu_18000_6000.tif
./dataset/Shanghai-center-train/image_tiles\yangpu_24000_0.tif,./dataset/Shanghai-center-train/label_tiles\label_yangpu_24000_0.tif
./dataset/Shanghai-center-train/image_tiles\yangpu_24000_12000.tif,./dataset/Shanghai-center-train/label_tiles\label_yangpu_24000_12000.tif
./dataset/Shanghai-center-train/image_tiles\yangpu_24000_18000.tif,./dataset/Shanghai-center-train/label_tiles\label_yangpu_24000_18000.tif
./dataset/Shanghai-center-train/image_tiles\yangpu_24000_24000.tif,./dataset/Shanghai-center-train/label_tiles\label_yangpu_24000_24000.tif
./dataset/Shanghai-center-train/image_tiles\yangpu_24000_25215.tif,./dataset/Shanghai-center-train/label_tiles\label_yangpu_24000_25215.tif
./dataset/Shanghai-center-train/image_tiles\yangpu_24000_6000.tif,./dataset/Shanghai-center-train/label_tiles\label_yangpu_24000_6000.tif
./dataset/Shanghai-center-train/image_tiles\yangpu_30000_0.tif,./dataset/Shanghai-center-train/label_tiles\label_yangpu_30000_0.tif
./dataset/Shanghai-center-train/image_tiles\yangpu_30000_12000.tif,./dataset/Shanghai-center-train/label_tiles\label_yangpu_30000_12000.tif
./dataset/Shanghai-center-train/image_tiles\yangpu_30000_18000.tif,./dataset/Shanghai-center-train/label_tiles\label_yangpu_30000_18000.tif
./dataset/Shanghai-center-train/image_tiles\yangpu_30000_24000.tif,./dataset/Shanghai-center-train/label_tiles\label_yangpu_30000_24000.tif
./dataset/Shanghai-center-train/image_tiles\yangpu_30000_25215.tif,./dataset/Shanghai-center-train/label_tiles\label_yangpu_30000_25215.tif
./dataset/Shanghai-center-train/image_tiles\yangpu_30000_6000.tif,./dataset/Shanghai-center-train/label_tiles\label_yangpu_30000_6000.tif
./dataset/Shanghai-center-train/image_tiles\yangpu_36000_12000.tif,./dataset/Shanghai-center-train/label_tiles\label_yangpu_36000_12000.tif
./dataset/Shanghai-center-train/image_tiles\yangpu_36000_18000.tif,./dataset/Shanghai-center-train/label_tiles\label_yangpu_36000_18000.tif
./dataset/Shanghai-center-train/image_tiles\yangpu_36000_24000.tif,./dataset/Shanghai-center-train/label_tiles\label_yangpu_36000_24000.tif
./dataset/Shanghai-center-train/image_tiles\yangpu_36000_25215.tif,./dataset/Shanghai-center-train/label_tiles\label_yangpu_36000_25215.tif
./dataset/Shanghai-center-train/image_tiles\yangpu_36000_6000.tif,./dataset/Shanghai-center-train/label_tiles\label_yangpu_36000_6000.tif
./dataset/Shanghai-center-train/image_tiles\yangpu_37280_12000.tif,./dataset/Shanghai-center-train/label_tiles\label_yangpu_37280_12000.tif
./dataset/Shanghai-center-train/image_tiles\yangpu_37280_18000.tif,./dataset/Shanghai-center-train/label_tiles\label_yangpu_37280_18000.tif
./dataset/Shanghai-center-train/image_tiles\yangpu_37280_24000.tif,./dataset/Shanghai-center-train/label_tiles\label_yangpu_37280_24000.tif
./dataset/Shanghai-center-train/image_tiles\yangpu_37280_6000.tif,./dataset/Shanghai-center-train/label_tiles\label_yangpu_37280_6000.tif
./dataset/Shanghai-center-train/image_tiles\yangpu_6000_0.tif,./dataset/Shanghai-center-train/label_tiles\label_yangpu_6000_0.tif
./dataset/Shanghai-center-train/image_tiles\yangpu_6000_12000.tif,./dataset/Shanghai-center-train/label_tiles\label_yangpu_6000_12000.tif
./dataset/Shanghai-center-train/image_tiles\yangpu_6000_18000.tif,./dataset/Shanghai-center-train/label_tiles\label_yangpu_6000_18000.tif
./dataset/Shanghai-center-train/image_tiles\yangpu_6000_24000.tif,./dataset/Shanghai-center-train/label_tiles\label_yangpu_6000_24000.tif
./dataset/Shanghai-center-train/image_tiles\yangpu_6000_25215.tif,./dataset/Shanghai-center-train/label_tiles\label_yangpu_6000_25215.tif
./dataset/Shanghai-center-train/image_tiles\yangpu_6000_6000.tif,./dataset/Shanghai-center-train/label_tiles\label_yangpu_6000_6000.tif
